{"x":0.5015625,"y":0.9517543859649122}