{"x":0.01640625,"y":0.03216374269005848}